Top queries,Clicks,Impressions,CTR,Position
holiday let cleaning weymouth,1,2,50%,46
house cleaner,1,1,100%,4
house cleaning in uk,1,1,100%,41
cleaners dorchester,0,320,0%,42.91
dorchester cleaning services,0,112,0%,11.81
cleaners weymouth,0,99,0%,61.28
domestic cleaner dorchester,0,95,0%,33.14
domestic cleaner weymouth,0,53,0%,61.7
cleaners in dorchester,0,40,0%,33.15
cleaning services weymouth,0,39,0%,57.56
cleaner weymouth,0,36,0%,75.11
domestic cleaners near me,0,28,0%,30.96
cleaners in weymouth,0,28,0%,82.32
house cleaners dorchester,0,27,0%,23.3
cleaners in dorset,0,26,0%,69.58
cleaner in dorchester,0,25,0%,40.56
domestic cleaner sturminster newton,0,25,0%,48.36
cleaning holiday homes weymouth,0,24,0%,42.54
domestic cleaner blandford forum,0,21,0%,66.38
domestic cleaners dorchester,0,20,0%,26.35
dorset cleaning services,0,18,0%,63.11
clean queen,0,17,0%,32.35
cleaning services in dorchester,0,15,0%,35.6
house cleaning local,0,14,0%,21.71
sanitsing services dorset,0,14,0%,91
cleaner near me,0,13,0%,55
end of tenancy cleaning dorchester,0,13,0%,68.38
domestic queen cleaning services,0,10,0%,32.1
cleaners near me,0,10,0%,50.5
end of tenancy cleaning weymouth,0,9,0%,96.33
house cleaning services weymouth,0,8,0%,45.38
house cleaners weymouth,0,7,0%,40
deep cleaning dorset,0,7,0%,85
cleaning queen,0,5,0%,27
cleaners wood end,0,5,0%,74.4
house cleaners in dorchester,0,4,0%,12.25
cleaning services dorchester,0,4,0%,32.25
house cleaning weymouth,0,4,0%,33.25
queen cleaning,0,4,0%,41.5
domestic cleaners weymouth,0,4,0%,43.75
dorset cleaning services weymouth,0,4,0%,81
home tidying,0,3,0%,5.67
queen clean,0,3,0%,51
cleaners dorset,0,3,0%,82
house cleaning,0,2,0%,6
dorchester cleaning services reviews,0,2,0%,7.5
sell house cleaning,0,2,0%,9
looking for a house cleaner near me private,0,2,0%,9.5
housekeeping services,0,2,0%,13
the cleaning queen,0,2,0%,29.5
cleaner dorchester,0,2,0%,39.5
domestic cleaner yetminster,0,2,0%,46
house cleaning services portland,0,2,0%,51
house cleaner bournemouth,0,2,0%,51.5
home cleaning services in uk,0,2,0%,134
cleaning services bridport,0,1,0%,1
deep cleaning,0,1,0%,1
hire a housekeeper near me,0,1,0%,1
i need a housekeeper,0,1,0%,1
immediate house cleaning,0,1,0%,1
checkatrade cleaning,0,1,0%,2
domestic cleaner cerne abbas,0,1,0%,2
home cleaning service,0,1,0%,2
house cleaners in victoria,0,1,0%,2
need housekeeper near me,0,1,0%,2
private housekeeper near me,0,1,0%,2
clean your house,0,1,0%,3
independent cleaning lady near me,0,1,0%,3
moving in house cleaning,0,1,0%,3
deep clean new house,0,1,0%,4
home cleaning,0,1,0%,4
next day cleaner,0,1,0%,4
private cleaning services for apartment,0,1,0%,4
private house cleaner near me,0,1,0%,4
cleaning moving house,0,1,0%,5
tidying service,0,1,0%,5
domestically cleaned,0,1,0%,7
end of rent cleaners near me,0,1,0%,7
end of tenancy cleaners near me,0,1,0%,7
local cleaning companies,0,1,0%,7
house cleaning private person,0,1,0%,8
private cleaners nearby,0,1,0%,8
cleaning my new house,0,1,0%,10
domestic house cleaners near me,0,1,0%,10
independent airbnb cleaners near me,0,1,0%,10
the clean queen,0,1,0%,10
house cleaners near me,0,1,0%,11
private cleaners in dorchester,0,1,0%,11
same day cleaning service near me,0,1,0%,11
cleaning services,0,1,0%,12
independent house cleaners needed,0,1,0%,12
private housekeepers near me,0,1,0%,12
queen cleans,0,1,0%,12
best natural house cleaners,0,1,0%,13
professional cleaning,0,1,0%,13
cleaners,0,1,0%,14
the clean queen cleaning service,0,1,0%,16
house cleaning near me,0,1,0%,19
private domestic cleaners near me,0,1,0%,20
housekeeping services near me,0,1,0%,22
daily cleaning services in hotels,0,1,0%,24
clean queen cleaning services,0,1,0%,28
clean queen cleaning service,0,1,0%,30
professional cleaning services,0,1,0%,32
your clean,0,1,0%,32
professional house cleaning near me,0,1,0%,33
house cleaning services near me,0,1,0%,34
queen cleaners,0,1,0%,39
queen cleaning services,0,1,0%,39
cleaning services portland oregon,0,1,0%,60
weymouth cleaning services,0,1,0%,61
5 star dorchester,0,1,0%,63
cleaning companies bradford,0,1,0%,66
cleaning company weymouth,0,1,0%,70
house cleaning services dorchester,0,1,0%,73
your clean house,0,1,0%,73
sparkle queen cleaning services,0,1,0%,76
carpet cleaning dorchester,0,1,0%,81
domestic cleaning bournemouth,0,1,0%,81
house cleaners portland oregon,0,1,0%,81
queen cleaner,0,1,0%,85
your cleaners,0,1,0%,85
professional carpet cleaning weymouth,0,1,0%,90
professional carpet cleaning dorchester,0,1,0%,93
weymouth cleaners,0,1,0%,95
cleaning companies in dorset,0,1,0%,96
professional house clean,0,1,0%,102
cleaning business,0,1,0%,130
commercial cleaning bournemouth,0,1,0%,138
cleaning service uk,0,1,0%,157
cleaner bournemouth,0,1,0%,161